<?xml version="1.0" encoding="UTF-8" standalone="no"?>
<Course>
<Department>Computer Science</Department>
<Prefix>CSCI</Prefix>
<Number>4370</Number>
<Name>Adv Game Development</Name>
<Description>This course in advanced game development covers core techniques in 3D game development. Students explore industry-standard engines and middleware, and develop independent engine components using low-level technologies. Topics include: real-time 3D pipelines, collision detection and response, animation, particle effects, scripting and networking. </Description>
<Credit-hours>3.000</Credit-hours>
<Lecture-hours>3.000</Lecture-hours>
<Lab-hours>0.000</Lab-hours>
<Level>Undergraduate</Level>
<Schedule-type>Lecture</Schedule-type>
<Prerequisite>CSCI-3370</Prerequisite>
<Prerequisite>Consent of Instructor</Prerequisite>
<Co-requisite>None</Co-requisite>
<Legacy-number>None</Legacy-number>
<Cross-listed>None</Cross-listed>
<Restrictions>None</Restrictions>
<Course-attributes>None</Course-attributes>
</Course>