<Course>
<Department>Computer Science</Department>
<Prefix>CSCI</Prefix>
<Number>2333</Number>
<Name>Computer Org and Assembly Lang</Name>
<Description>An introduction to computer organization, use of assembly language programming, basic instruction sets, arithmetic and logical operations, addressing modes and macro definition. Several computer programming projects are included.
</Description>
<Credit-hours>3.000</Credit-hours>
<Lecture-hours>3.000</Lecture-hours>
<Lab-hours>0.000</Lab-hours>
<Level>Undergraduate</Level>
<Schedule-type>Lecture</Schedule-type>
<Prerequisite>CSCI 1370</Prerequisite>
<Prerequisite>CSCI 1378</Prerequisite>
<Prerequisite>CMPE 1370</Prerequisite>
<Prerequisite>CMPE 1378</Prerequisite>
<Prerequisite>CSCI 1380</Prerequisite>
<Prerequisite>CSCI 1387</Prerequisite>
<Co-requisite>None</Co-requisite>
<Legacy-number>COSC-2325</Legacy-number>
<Cross-listed>CMPE-2333</Cross-listed>
<Restrictions>May not be enrolled in one of the following Programs: dnu-MED in Educational Admin, MPA in Public Administration, Bus. Admin -Accelerated online. May not be enrolled in one of the following Levels: English Language Institute </Restrictions>
<Course-attributes>
Degree Elective, CS Instruction Fee - LU
</Course-attributes>
</Course>