<?xml version="1.0" encoding="UTF-8"?>
<Course>
    <Department>Computer Science</Department>
    <Prefix>CSCI</Prefix>
    <Number>1378</Number>
    <Name>Engineering Comp Sci I HON</Name>
    <Description>
        An introduction to computer science and computer engineering. The fundamentals of a high-level programming language will be introduced. Methods of problem solving, techniques of algorithmic development and concepts of procedural and object-oriented programming will be emphasized.. Societal and social issues related to computer science/engineering will be introduced.
    </Description>
    <Credit-hours>3.000</Credit-hours>
    <Lecture-hours>3.000</Lecture-hours>
    <Lab-hours>0.000</Lab-hours>
    <Level>Undergraduate</Level>
    <Schedule-type>Lecture</Schedule-type>
    <Prerequisite>Grade of 'C' or better in MATH 1314 or placement in a higher level Math course</Prerequisite>
    <Prerequisite>CSCI 1101</Prerequisite>
    <Prerequisite>Admission to the honors program</Prerequisite>
    <Co-requisite>CSCI 1178</Co-requisite>
    <Legacy-number>None</Legacy-number>
    <Cross-listed>CMPE 1378</Cross-listed>
    <Restrictions>None</Restrictions>
    <Course-attributes>CS Instruction Fee - LU</Course-attributes>
</Course>
