<?xml version="1.0" encoding="UTF-8" standalone="no"?>
<Course>
<Department>Computer Science</Department>
<Prefix>CSCI</Prefix>
<Number>4363</Number>
<Name>Adv Databases</Name>
<Description>This course will cover a number of advanced topics in modern data intensive systems. Topics may include non-relational databases (nosql), spatial databases 
and data warehousing.</Description>
<Credit-hours>3.000</Credit-hours>
<Lecture-hours>3.000</Lecture-hours>
<Lab-hours>0.000</Lab-hours>
<Level>Undergraduate</Level>
<Schedule-type>Lecture</Schedule-type>
<Prerequisite>CSCI-4333</Prerequisite>
<Prerequisite>Consent of Instructor</Prerequisite>
<Co-requisite>None</Co-requisite>
<Legacy-number></Legacy-number>
<Cross-listed></Cross-listed>
<Restrictions>None</Restrictions>
<Cross-listed>None</Cross-listed>
<Legacy>None</Legacy>
<Course-attributes>Degree Elective, CS Instruction Fee - HU </Course-attributes>
</Course>