<?xml version="1.0" encoding="UTF-8" standalone="no"?>
<Course>
<Department>Computer Science</Department>
<Prefix>CSCI</Prefix>
<Number>4344</Number>
<Name>Bioinformatics</Name>
<Description>
This course will provide and introduction to the rapidly evolving field of bioinformatics with the overarching goal of understanding how computer science plays an integral part both in application and algorithmic aspects.
</Description>
<Credit-hours>3.000</Credit-hours>
<Lecture-hours>3.000</Lecture-hours>
<Lab-hours>0.000</Lab-hours>
<Level>Undergraduate</Level>
<Schedule-type>Lecture</Schedule-type>
<Prerequisite>CSCI/CMPE 3333 or consent of instructor.</Prerequisite>
<Co-requisite>None</Co-requisite>
<Legacy-number>COSC-4381</Legacy-number>
<Cross-listed>None</Cross-listed>
<Restrictions>Senior or Junior standing.</Restrictions>
<Course-attributes>Degree Elective, CS Instruction Fee - HU</Course-attributes>
</Course>


