<Course>
<Department>Computer Science</Department>
<Prefix>CSCI</Prefix>
<Number>2344</Number>
<Name>Programming in a UNIX/Linux Envr</Name>
<Description>The course presents the UNIX file system, the commonly used utilities, editors, shell programming and scripting. It includes instruction in software development in the UNIX/Linux environment. In addition, a brief overview of the internal components of the operating system will be covered.</Description>
<Credit-hours>3.000</Credit-hours>
<Lecture-hours>3.000</Lecture-hours>
<Lab-hours>0.000</Lab-hours>
<Level>Undergraduate</Level>
<Schedule-type>Lecture</Schedule-type>
<Prerequisite>CSCI-1370</Prerequisite>
<Prerequisite>CSCI-1378</Prerequisite>
<Prerequisite>CSCI-1380</Prerequisite>
<Prerequisite>CSCI-1387</Prerequisite>
<Prerequisite>consent of instructor</Prerequisite>
<Co-requisite>None</Co-requisite>
<Legacy-number>NONE</Legacy-number>
<Cross-listed>None</Cross-listed>
<Restrictions>May not be enrolled in one of the following Programs: dnu-MED in Educational Admin, MPA in Public Administration, Bus. Admin -Accelerated online. May not be enrolled in one of the following Levels: English Language Institute </Restrictions>
<Course-attributes>
Degree Elective, CS Instruction Fee - LU
</Course-attributes>
</Course>