<?xml version="1.0" encoding="UTF-8"?>
<Course>
	<Department>Computer Science</Department>
	<Prefix>CSCI</Prefix>
	<Number>6305</Number>
	<Name>Found Algs Data Structs</Name>
	<Description>In-depth analysis of computing algorithms and data structures for implementation in the context of software engineering design using structured programming languages.</Description>
	<Credit-hours>3.000</Credit-hours>
	<Lecture-hours>3.000</Lecture-hours>
	<Lab-hours>0.000</Lab-hours>
	<Level>Masters</Level>
	<Schedule-type>Lecture</Schedule-type>
	<Prerequisite>CSCI-6302 or CSCI-6382.</Prerequisite>
	<Co-requisite>None</Co-requisite>
	<Course-attributes>Exempt from 3peat processing, Exempt/Waive 6 drop process, CS Instruction Fee - G</Course-attributes>
</Course>