<?xml version="1.0" encoding="UTF-8" standalone="no"?>
<Course>
  <Department>Computer Science</Department>
  <Prefix>CSCI</Prefix>
  <Number>3342</Number>
  <Name>Internet Programming</Name>
  <Description>
    Introduction to web application programming. Covers the fundamentals of developing
    applications for web browsers, within the dominant HTTP-based client/server model.
    A wide range of technologies and development methodologies are covered, including database
    and server architectures, serer-side framworks, client-side languages/libraries, remote
    invocation models and web application security. Specific topics in web development change
    rapidly, but some examples include SQL, HTML, TLS, PHP, Java EE (servllets, JSP, etc),
    ASP.NET.
  </Description>
  <Credit-hours>3.000</Credit-hours>
  <Lecture-hours>3.000</Lecture-hours>
  <Lab-hours>0.000</Lab-hours>
  <Level>Undergraduate</Level>
  <Schedule-type>Lecture</Schedule-type>
  <Prerequisite>
    <item>CSCI-2380 or CSCI-2388</item>
    <item>CMPE-2380 or CMPE-2388</item>
    <item>CSCI-3327 or CSCI-3328</item>
  </Prerequisite>
  <Co-requisite>
    <item>CMPE-3341</item>
  </Co-requisite>
  <Legacy-number>COSC-4346</Legacy-number>
  <Cross-listed>
    <item>CMPE-3342</item>
  </Cross-listed>
  <Restrictions>
    <item>May not be enrolled in dnu-MED in Educational Admin </item>
    <item>May not be enrolled in MPA in Public Administration </item>
    <item>May not be enrolled in Bus. Admin -Accelerated online </item>
    <item>May not be enrolled in English Language Institute </item>
  </Restrictions>
  <Course-attributes>
    Degree Elective, CS Instruction Fee – HU
  </Course-attributes>
</Course>
