<?xml version="1.0" encoding="UTF-8"?>
<Course>
	<Department>Computer Science</Department>
	<Prefix>CSCI</Prefix>
	<Number>6302</Number>
	<Name>Foundations of Software</Name>
	<Description>Focusing on a high level object oriented language (e.g., Java, C++), provides foundational study of algorithms, data structures, and programming systems in the context of information technology systems.</Description>
	<Credit-hours>3.000</Credit-hours>
	<Lecture-hours>3.000</Lecture-hours>
	<Lab-hours>0.000</Lab-hours>
	<Level>Masters</Level>
	<Schedule-type>Lecture</Schedule-type>
	<Prerequisite>Knowledge of a high level programming language and consent of instructor</Prerequisite>
	<Co-requisite>None</Co-requisite>
	<Course-attributes>Exempt from 3peat processing, Exempt/Waive 6 drop process, CS Instruction Fee - G</Course-attributes>
</Course>