<?xml version="1.0" encoding="UTF-8" standalone="no"?>
<Course>
	<Department>Computer Science</Department>
	<Prefix>CSCI</Prefix>
	<Number>1178</Number>
	<Name>Engineer Comp Sci I Lab HON</Name>
	<Description>
		The course includes hands-on instruction and laboratory exercises in developing programs written in a high-level object oriented programming language applying the principles taught in the CSCI 1378 lecture course. Co-requisite: CSCI 1378. Equivalence course: CSCI 1170. A student may receive credit in only one course Corequisite: CSCI 1378 (Honors).
	</Description>
	<Credit-hours>1.000</Credit-hours>
	<Lecture-hours>0.000</Lecture-hours>
	<Lab-hours>1.000</Lab-hours>
	<Level>Undergraduate</Level>
	<Schedule-type>Laboratory</Schedule-type>
	<Prerequisite>None</Prerequisite>
	<Co-requisite>CSCI 1378 (Honors)</Co-requisite>
	<Legacy-number>None</Legacy-number>
	<Cross-listed>None</Cross-listed>
	<Restrictions>None</Restrictions>
	<Course-attributes>Computer Science, CS Instruction Fee - LU</Course-attributes>
</Course>


