<?xml version="1.0" encoding="UTF-8"?>
<Course>
<Department>Computer Science</Department>
<Prefix>CSCI</Prefix>
<Number>4382</Number>
<Name>Computer Visualization</Name>
<Description>
	Focuses on design and implementation of computer graphics systems to provide visual representation of large data sets. Presents current theory and practice of computer visualization systems and advanced display techniques.
</Description>
<Credit-hours>3.000</Credit-hours>
<Lecture-hours>3.000</Lecture-hours>
<Lab-hours>0.000</Lab-hours>
<Level>Undergraduate</Level>
<Schedule-type>Lecture</Schedule-type>
<Prerequisite>CSCI 3333</Prerequisite>
<Prerequisite>CMPE 3333</Prerequisite>
<Prerequisite>Consent of the instructor.</Prerequisite>
<Co-requisite>None</Co-requisite>
<Legacy-number>None</Legacy-number>
<Cross-listed>CMPE-4382</Cross-listed> 
<Restrictions>None</Restrictions> 
<Course-attributes>
Degree Elective, CS Instruction Fee - HU
</Course-attributes>
</Course>